gate,dataset,stage,model,metric,mean,std
request_type,k8,kw,base,n,210.0,0.0
request_type,k8,kw,base,accuracy,0.3619,0.0
request_type,k8,kw,base,macro_accuracy,0.3015,0.0
request_type,k8,kw,learn,n,210.0,0.0
request_type,k8,kw,learn,accuracy,0.527,0.0259
request_type,k8,kw,learn,macro_accuracy,0.3402,0.0052
request_type,k8,sem,base,n,210.0,0.0
request_type,k8,sem,base,accuracy,0.481,0.0
request_type,k8,sem,base,macro_accuracy,0.3812,0.0
request_type,k8,sem,learn,n,210.0,0.0
request_type,k8,sem,learn,accuracy,0.5206,0.0196
request_type,k8,sem,learn,macro_accuracy,0.2285,0.0129
request_type,k8,pre,base,n,210.0,0.0
request_type,k8,pre,base,accuracy,0.5238,0.0
request_type,k8,pre,base,macro_accuracy,0.4368,0.0
request_type,k8,pre,base,cascade_rate,0.7333,0.0
request_type,k8,pre,base,silent_error_rate,0.0905,0.0
request_type,k8,pre,base,cascade_precision,0.526,0.0
request_type,k8,pre,base,regret_cascade_rate,0.3476,0.0
request_type,k8,pre,learn,n,210.0,0.0
request_type,k8,pre,learn,accuracy,0.5429,0.0216
request_type,k8,pre,learn,macro_accuracy,0.2842,0.0101
request_type,k8,pre,learn,cascade_rate,0.3889,0.0331
request_type,k8,pre,learn,silent_error_rate,0.1857,0.0156
request_type,k8,pre,learn,cascade_precision,0.6963,0.0461
request_type,k8,pre,learn,regret_cascade_rate,0.1175,0.0162
request_type,k8,router,base,n,210.0,0.0
request_type,k8,router,base,accuracy,0.6667,0.0
request_type,k8,router,base,macro_accuracy,0.5848,0.0
request_type,k8,router,base,cascade_rate,0.7333,0.0
request_type,k8,router,base,llm_cond_accuracy,0.6688,0.0
request_type,k8,router,base,avg_latency_ms,4129.3714,0.0
request_type,k8,router,learn,n,210.0,0.0
request_type,k8,router,learn,accuracy,0.6492,0.0214
request_type,k8,router,learn,macro_accuracy,0.485,0.0095
request_type,k8,router,learn,cascade_rate,0.3889,0.0331
request_type,k8,router,learn,llm_cond_accuracy,0.578,0.0296
request_type,k8,router,learn,avg_latency_ms,2294.446,179.8235
request_type,cpython,kw,base,n,210.0,0.0
request_type,cpython,kw,base,accuracy,0.5571,0.0
request_type,cpython,kw,base,macro_accuracy,0.2886,0.0
request_type,cpython,kw,learn,n,210.0,0.0
request_type,cpython,kw,learn,accuracy,0.6095,0.0103
request_type,cpython,kw,learn,macro_accuracy,0.3023,0.0193
request_type,cpython,sem,base,n,210.0,0.0
request_type,cpython,sem,base,accuracy,0.6048,0.0
request_type,cpython,sem,base,macro_accuracy,0.3371,0.0
request_type,cpython,sem,learn,n,210.0,0.0
request_type,cpython,sem,learn,accuracy,0.6254,0.009
request_type,cpython,sem,learn,macro_accuracy,0.262,0.0091
request_type,cpython,pre,base,n,210.0,0.0
request_type,cpython,pre,base,accuracy,0.6571,0.0
request_type,cpython,pre,base,macro_accuracy,0.3499,0.0
request_type,cpython,pre,base,cascade_rate,0.4857,0.0
request_type,cpython,pre,base,silent_error_rate,0.1,0.0
request_type,cpython,pre,base,cascade_precision,0.5,0.0
request_type,cpython,pre,base,regret_cascade_rate,0.2429,0.0
request_type,cpython,pre,learn,n,210.0,0.0
request_type,cpython,pre,learn,accuracy,0.6286,0.0039
request_type,cpython,pre,learn,macro_accuracy,0.2775,0.0053
request_type,cpython,pre,learn,cascade_rate,0.3556,0.0059
request_type,cpython,pre,learn,silent_error_rate,0.1349,0.0045
request_type,cpython,pre,learn,cascade_precision,0.6653,0.0055
request_type,cpython,pre,learn,regret_cascade_rate,0.119,0.0039
request_type,cpython,router,base,n,210.0,0.0
request_type,cpython,router,base,accuracy,0.7,0.0
request_type,cpython,router,base,macro_accuracy,0.5159,0.0
request_type,cpython,router,base,cascade_rate,0.4857,0.0
request_type,cpython,router,base,llm_cond_accuracy,0.5882,0.0
request_type,cpython,router,base,avg_latency_ms,2935.4714,0.0
request_type,cpython,router,learn,n,210.0,0.0
request_type,cpython,router,learn,accuracy,0.6889,0.0059
request_type,cpython,router,learn,macro_accuracy,0.5431,0.0428
request_type,cpython,router,learn,cascade_rate,0.3556,0.0059
request_type,cpython,router,learn,llm_cond_accuracy,0.5045,0.0269
request_type,cpython,router,learn,avg_latency_ms,2115.5857,43.8643
request_type,vscode,kw,base,n,210.0,0.0
request_type,vscode,kw,base,accuracy,0.2571,0.0
request_type,vscode,kw,base,macro_accuracy,0.2437,0.0
request_type,vscode,kw,learn,n,210.0,0.0
request_type,vscode,kw,learn,accuracy,0.3587,0.0419
request_type,vscode,kw,learn,macro_accuracy,0.2847,0.0209
request_type,vscode,sem,base,n,210.0,0.0
request_type,vscode,sem,base,accuracy,0.4381,0.0
request_type,vscode,sem,base,macro_accuracy,0.4297,0.0
request_type,vscode,sem,learn,n,210.0,0.0
request_type,vscode,sem,learn,accuracy,0.3937,0.0259
request_type,vscode,sem,learn,macro_accuracy,0.2882,0.0418
request_type,vscode,pre,base,n,210.0,0.0
request_type,vscode,pre,base,accuracy,0.4381,0.0
request_type,vscode,pre,base,macro_accuracy,0.3169,0.0
request_type,vscode,pre,base,cascade_rate,0.7333,0.0
request_type,vscode,pre,base,silent_error_rate,0.1,0.0
request_type,vscode,pre,base,cascade_precision,0.6299,0.0
request_type,vscode,pre,base,regret_cascade_rate,0.2714,0.0
request_type,vscode,pre,learn,n,210.0,0.0
request_type,vscode,pre,learn,accuracy,0.4,0.0169
request_type,vscode,pre,learn,macro_accuracy,0.2815,0.0097
request_type,vscode,pre,learn,cascade_rate,0.5048,0.0237
request_type,vscode,pre,learn,silent_error_rate,0.2206,0.0022
request_type,vscode,pre,learn,cascade_precision,0.7517,0.0062
request_type,vscode,pre,learn,regret_cascade_rate,0.1254,0.0081
request_type,vscode,router,base,n,210.0,0.0
request_type,vscode,router,base,accuracy,0.5905,0.0
request_type,vscode,router,base,macro_accuracy,0.5097,0.0
request_type,vscode,router,base,cascade_rate,0.7333,0.0
request_type,vscode,router,base,llm_cond_accuracy,0.5779,0.0
request_type,vscode,router,base,avg_latency_ms,3862.2857,0.0
request_type,vscode,router,learn,n,210.0,0.0
request_type,vscode,router,learn,accuracy,0.4825,0.0297
request_type,vscode,router,learn,macro_accuracy,0.3996,0.0376
request_type,vscode,router,learn,cascade_rate,0.5048,0.0237
request_type,vscode,router,learn,llm_cond_accuracy,0.4128,0.0417
request_type,vscode,router,learn,avg_latency_ms,3567.6937,190.3318
complexity_tier,k8,kw,base,n,210.0,0.0
complexity_tier,k8,kw,base,accuracy,0.2381,0.0
complexity_tier,k8,kw,base,macro_accuracy,0.2876,0.0
complexity_tier,k8,kw,learn,n,210.0,0.0
complexity_tier,k8,kw,learn,accuracy,0.5063,0.0214
complexity_tier,k8,kw,learn,macro_accuracy,0.3571,0.0255
complexity_tier,k8,sem,base,n,210.0,0.0
complexity_tier,k8,sem,base,accuracy,0.5667,0.0
complexity_tier,k8,sem,base,macro_accuracy,0.4006,0.0
complexity_tier,k8,sem,learn,n,210.0,0.0
complexity_tier,k8,sem,learn,accuracy,0.5111,0.0214
complexity_tier,k8,sem,learn,macro_accuracy,0.283,0.0253
complexity_tier,k8,pre,base,n,210.0,0.0
complexity_tier,k8,pre,base,accuracy,0.519,0.0
complexity_tier,k8,pre,base,macro_accuracy,0.3765,0.0
complexity_tier,k8,pre,base,cascade_rate,0.7571,0.0
complexity_tier,k8,pre,base,silent_error_rate,0.0857,0.0
complexity_tier,k8,pre,base,cascade_precision,0.522,0.0
complexity_tier,k8,pre,base,regret_cascade_rate,0.3619,0.0
complexity_tier,k8,pre,learn,n,210.0,0.0
complexity_tier,k8,pre,learn,accuracy,0.5444,0.0214
complexity_tier,k8,pre,learn,macro_accuracy,0.3214,0.0215
complexity_tier,k8,pre,learn,cascade_rate,0.3937,0.02
complexity_tier,k8,pre,learn,silent_error_rate,0.1825,0.0045
complexity_tier,k8,pre,learn,cascade_precision,0.6928,0.0427
complexity_tier,k8,pre,learn,regret_cascade_rate,0.1206,0.0162
complexity_tier,k8,router,base,n,210.0,0.0
complexity_tier,k8,router,base,accuracy,0.6381,0.0
complexity_tier,k8,router,base,macro_accuracy,0.5161,0.0
complexity_tier,k8,router,base,cascade_rate,0.7571,0.0
complexity_tier,k8,router,base,llm_cond_accuracy,0.6352,0.0
complexity_tier,k8,router,base,avg_latency_ms,4420.1476,0.0
complexity_tier,k8,router,learn,n,210.0,0.0
complexity_tier,k8,router,learn,accuracy,0.646,0.018
complexity_tier,k8,router,learn,macro_accuracy,0.4926,0.0342
complexity_tier,k8,router,learn,cascade_rate,0.3937,0.02
complexity_tier,k8,router,learn,llm_cond_accuracy,0.5632,0.058
complexity_tier,k8,router,learn,avg_latency_ms,2782.1952,168.1437
complexity_tier,cpython,kw,base,n,210.0,0.0
complexity_tier,cpython,kw,base,accuracy,0.3667,0.0
complexity_tier,cpython,kw,base,macro_accuracy,0.3224,0.0
complexity_tier,cpython,kw,learn,n,210.0,0.0
complexity_tier,cpython,kw,learn,accuracy,0.3175,0.0234
complexity_tier,cpython,kw,learn,macro_accuracy,0.2964,0.0205
complexity_tier,cpython,sem,base,n,210.0,0.0
complexity_tier,cpython,sem,base,accuracy,0.5429,0.0
complexity_tier,cpython,sem,base,macro_accuracy,0.4803,0.0
complexity_tier,cpython,sem,learn,n,210.0,0.0
complexity_tier,cpython,sem,learn,accuracy,0.3952,0.0561
complexity_tier,cpython,sem,learn,macro_accuracy,0.3737,0.0346
complexity_tier,cpython,pre,base,n,210.0,0.0
complexity_tier,cpython,pre,base,accuracy,0.481,0.0
complexity_tier,cpython,pre,base,macro_accuracy,0.4253,0.0
complexity_tier,cpython,pre,base,cascade_rate,0.6667,0.0
complexity_tier,cpython,pre,base,silent_error_rate,0.1333,0.0
complexity_tier,cpython,pre,base,cascade_precision,0.5786,0.0
complexity_tier,cpython,pre,base,regret_cascade_rate,0.281,0.0
complexity_tier,cpython,pre,learn,n,210.0,0.0
complexity_tier,cpython,pre,learn,accuracy,0.4016,0.0451
complexity_tier,cpython,pre,learn,macro_accuracy,0.3726,0.0277
complexity_tier,cpython,pre,learn,cascade_rate,0.5841,0.0196
complexity_tier,cpython,pre,learn,silent_error_rate,0.2444,0.0162
complexity_tier,cpython,pre,learn,cascade_precision,0.6083,0.07
complexity_tier,cpython,pre,learn,regret_cascade_rate,0.2302,0.0486
complexity_tier,cpython,router,base,n,210.0,0.0
complexity_tier,cpython,router,base,accuracy,0.6048,0.0
complexity_tier,cpython,router,base,macro_accuracy,0.5926,0.0
complexity_tier,cpython,router,base,cascade_rate,0.6667,0.0
complexity_tier,cpython,router,base,llm_cond_accuracy,0.6071,0.0
complexity_tier,cpython,router,base,avg_latency_ms,3985.7857,0.0
complexity_tier,cpython,router,learn,n,210.0,0.0
complexity_tier,cpython,router,learn,accuracy,0.5429,0.0216
complexity_tier,cpython,router,learn,macro_accuracy,0.5246,0.0184
complexity_tier,cpython,router,learn,cascade_rate,0.5841,0.0196
complexity_tier,cpython,router,learn,llm_cond_accuracy,0.6355,0.0386
complexity_tier,cpython,router,learn,avg_latency_ms,3693.3937,163.907
complexity_tier,vscode,kw,base,n,210.0,0.0
complexity_tier,vscode,kw,base,accuracy,0.3619,0.0
complexity_tier,vscode,kw,base,macro_accuracy,0.2694,0.0
complexity_tier,vscode,kw,learn,n,210.0,0.0
complexity_tier,vscode,kw,learn,accuracy,0.3048,0.0078
complexity_tier,vscode,kw,learn,macro_accuracy,0.2632,0.0107
complexity_tier,vscode,sem,base,n,210.0,0.0
complexity_tier,vscode,sem,base,accuracy,0.4476,0.0
complexity_tier,vscode,sem,base,macro_accuracy,0.4014,0.0
complexity_tier,vscode,sem,learn,n,210.0,0.0
complexity_tier,vscode,sem,learn,accuracy,0.5286,0.014
complexity_tier,vscode,sem,learn,macro_accuracy,0.4191,0.0157
complexity_tier,vscode,pre,base,n,210.0,0.0
complexity_tier,vscode,pre,base,accuracy,0.4524,0.0
complexity_tier,vscode,pre,base,macro_accuracy,0.3748,0.0
complexity_tier,vscode,pre,base,cascade_rate,0.7333,0.0
complexity_tier,vscode,pre,base,silent_error_rate,0.1619,0.0
complexity_tier,vscode,pre,base,cascade_precision,0.526,0.0
complexity_tier,vscode,pre,base,regret_cascade_rate,0.3476,0.0
complexity_tier,vscode,pre,learn,n,210.0,0.0
complexity_tier,vscode,pre,learn,accuracy,0.4873,0.0228
complexity_tier,vscode,pre,learn,macro_accuracy,0.3817,0.0134
complexity_tier,vscode,pre,learn,cascade_rate,0.6841,0.0184
complexity_tier,vscode,pre,learn,silent_error_rate,0.1429,0.0135
complexity_tier,vscode,pre,learn,cascade_precision,0.5405,0.0189
complexity_tier,vscode,pre,learn,regret_cascade_rate,0.3143,0.014
complexity_tier,vscode,router,base,n,210.0,0.0
complexity_tier,vscode,router,base,accuracy,0.4667,0.0
complexity_tier,vscode,router,base,macro_accuracy,0.4212,0.0
complexity_tier,vscode,router,base,cascade_rate,0.7333,0.0
complexity_tier,vscode,router,base,llm_cond_accuracy,0.4935,0.0
complexity_tier,vscode,router,base,avg_latency_ms,4207.5571,0.0
complexity_tier,vscode,router,learn,n,210.0,0.0
complexity_tier,vscode,router,learn,accuracy,0.4444,0.0162
complexity_tier,vscode,router,learn,macro_accuracy,0.4381,0.019
complexity_tier,vscode,router,learn,cascade_rate,0.6841,0.0184
complexity_tier,vscode,router,learn,llm_cond_accuracy,0.3967,0.0093
complexity_tier,vscode,router,learn,avg_latency_ms,4212.4143,96.1329
